<?xml version="1.0" encoding="UTF-8"?>
<GenRun Id="impl_1" LaunchPart="xc7z020clg484-1" LaunchTime="1746563058">
  <File Type="ROUTE-BUS-SKEW" Name="DualPortRam_bus_skew_routed.rpt"/>
  <File Type="PA-DCP" Name="DualPortRam.dcp"/>
  <File Type="ROUTE-PWR" Name="DualPortRam_power_routed.rpt"/>
  <File Type="PA-TCL" Name="DualPortRam.tcl"/>
  <File Type="ROUTE-PWR-SUM" Name="DualPortRam_power_summary_routed.pb"/>
  <File Type="OPT-RQA-PB" Name="DualPortRam_rqa_opted.pb"/>
  <File Type="REPORTS-TCL" Name="DualPortRam_reports.tcl"/>
  <File Type="INIT-TIMING" Name="DualPortRam_timing_summary_init.rpt"/>
  <File Type="OPT-DCP" Name="DualPortRam_opt.dcp"/>
  <File Type="OPT-DRC" Name="DualPortRam_drc_opted.rpt"/>
  <File Type="OPT-METHODOLOGY-DRC" Name="DualPortRam_methodology_drc_opted.rpt"/>
  <File Type="OPT-HWDEF" Name="DualPortRam.hwdef"/>
  <File Type="OPT-TIMING" Name="DualPortRam_timing_summary_opted.rpt"/>
  <File Type="PWROPT-DCP" Name="DualPortRam_pwropt.dcp"/>
  <File Type="PWROPT-DRC" Name="DualPortRam_drc_pwropted.rpt"/>
  <File Type="PWROPT-TIMING" Name="DualPortRam_timing_summary_pwropted.rpt"/>
  <File Type="PLACE-DCP" Name="DualPortRam_placed.dcp"/>
  <File Type="PLACE-IO" Name="DualPortRam_io_placed.rpt"/>
  <File Type="PLACE-CLK" Name="DualPortRam_clock_utilization_placed.rpt"/>
  <File Type="PLACE-UTIL" Name="DualPortRam_utilization_placed.rpt"/>
  <File Type="PLACE-UTIL-PB" Name="DualPortRam_utilization_placed.pb"/>
  <File Type="PLACE-CTRL" Name="DualPortRam_control_sets_placed.rpt"/>
  <File Type="PLACE-SIMILARITY" Name="DualPortRam_incremental_reuse_placed.rpt"/>
  <File Type="PLACE-PRE-SIMILARITY" Name="DualPortRam_incremental_reuse_pre_placed.rpt"/>
  <File Type="BG-BIN" Name="DualPortRam.bin"/>
  <File Type="PLACE-TIMING" Name="DualPortRam_timing_summary_placed.rpt"/>
  <File Type="ROUTE-PWR-RPX" Name="DualPortRam_power_routed.rpx"/>
  <File Type="PLACE-RQA-PB" Name="DualPortRam_rqa_placed.pb"/>
  <File Type="POSTPLACE-PWROPT-DCP" Name="DualPortRam_postplace_pwropt.dcp"/>
  <File Type="BITSTR-MSK" Name="DualPortRam.msk"/>
  <File Type="POSTPLACE-PWROPT-TIMING" Name="DualPortRam_timing_summary_postplace_pwropted.rpt"/>
  <File Type="PHYSOPT-DCP" Name="DualPortRam_physopt.dcp"/>
  <File Type="PHYSOPT-DRC" Name="DualPortRam_drc_physopted.rpt"/>
  <File Type="BITSTR-RBT" Name="DualPortRam.rbt"/>
  <File Type="PHYSOPT-TIMING" Name="DualPortRam_timing_summary_physopted.rpt"/>
  <File Type="ROUTE-ERROR-DCP" Name="DualPortRam_routed_error.dcp"/>
  <File Type="ROUTE-DCP" Name="DualPortRam_routed.dcp"/>
  <File Type="ROUTE-BLACKBOX-DCP" Name="DualPortRam_routed_bb.dcp"/>
  <File Type="ROUTE-DRC" Name="DualPortRam_drc_routed.rpt"/>
  <File Type="ROUTE-DRC-PB" Name="DualPortRam_drc_routed.pb"/>
  <File Type="ROUTE-DRC-RPX" Name="DualPortRam_drc_routed.rpx"/>
  <File Type="ROUTE-METHODOLOGY-DRC" Name="DualPortRam_methodology_drc_routed.rpt"/>
  <File Type="ROUTE-METHODOLOGY-DRC-RPX" Name="DualPortRam_methodology_drc_routed.rpx"/>
  <File Type="ROUTE-METHODOLOGY-DRC-PB" Name="DualPortRam_methodology_drc_routed.pb"/>
  <File Type="ROUTE-RQS-PB" Name="DualPortRam_rqs_routed.pb"/>
  <File Type="ROUTE-STATUS" Name="DualPortRam_route_status.rpt"/>
  <File Type="ROUTE-STATUS-PB" Name="DualPortRam_route_status.pb"/>
  <File Type="ROUTE-TIMINGSUMMARY" Name="DualPortRam_timing_summary_routed.rpt"/>
  <File Type="ROUTE-TIMING-PB" Name="DualPortRam_timing_summary_routed.pb"/>
  <File Type="ROUTE-TIMING-RPX" Name="DualPortRam_timing_summary_routed.rpx"/>
  <File Type="ROUTE-SIMILARITY" Name="DualPortRam_incremental_reuse_routed.rpt"/>
  <File Type="ROUTE-CLK" Name="DualPortRam_clock_utilization_routed.rpt"/>
  <File Type="ROUTE-BUS-SKEW-PB" Name="DualPortRam_bus_skew_routed.pb"/>
  <File Type="ROUTE-BUS-SKEW-RPX" Name="DualPortRam_bus_skew_routed.rpx"/>
  <File Type="POSTROUTE-PHYSOPT-DCP" Name="DualPortRam_postroute_physopt.dcp"/>
  <File Type="POSTROUTE-PHYSOPT-BLACKBOX-DCP" Name="DualPortRam_postroute_physopt_bb.dcp"/>
  <File Type="POSTROUTE-PHYSOPT-TIMING" Name="DualPortRam_timing_summary_postroute_physopted.rpt"/>
  <File Type="POSTROUTE-PHYSOPT-TIMING-PB" Name="DualPortRam_timing_summary_postroute_physopted.pb"/>
  <File Type="POSTROUTE-PHYSOPT-TIMING-RPX" Name="DualPortRam_timing_summary_postroute_physopted.rpx"/>
  <File Type="POSTROUTE-PHYSOPT-BUS-SKEW" Name="DualPortRam_bus_skew_postroute_physopted.rpt"/>
  <File Type="BG-BIT" Name="DualPortRam.bit"/>
  <File Type="POSTROUTE-PHYSOPT-BUS-SKEW-PB" Name="DualPortRam_bus_skew_postroute_physopted.pb"/>
  <File Type="POSTROUTE-PHYSOPT-BUS-SKEW-RPX" Name="DualPortRam_bus_skew_postroute_physopted.rpx"/>
  <File Type="BITSTR-NKY" Name="DualPortRam.nky"/>
  <File Type="BITSTR-BMM" Name="DualPortRam_bd.bmm"/>
  <File Type="BITSTR-MMI" Name="DualPortRam.mmi"/>
  <File Type="PDI-FILE" Name="DualPortRam.pdi"/>
  <File Type="BOOT-PDI-FILE" Name="DualPortRam_boot.pdi"/>
  <File Type="PL-PDI-FILE" Name="DualPortRam_pld.pdi"/>
  <File Type="RCFI_FILE" Name="DualPortRam.rcfi"/>
  <File Type="CFI_FILE" Name="DualPortRam.cfi"/>
  <File Type="RNPI_FILE" Name="DualPortRam.rnpi"/>
  <File Type="NPI_FILE" Name="DualPortRam.npi"/>
  <File Type="RBD_FILE" Name="DualPortRam.rbd"/>
  <File Type="BITSTR-LTX" Name="debug_nets.ltx"/>
  <File Type="BITSTR-LTX" Name="DualPortRam.ltx"/>
  <File Type="BITSTR-SYSDEF" Name="DualPortRam.sysdef"/>
  <File Type="BG-BGN" Name="DualPortRam.bgn"/>
  <File Type="BG-DRC" Name="DualPortRam.drc"/>
  <File Type="RDI-RDI" Name="DualPortRam.vdi"/>
  <File Type="WBT-USG" Name="usage_statistics_webtalk.html"/>
  <File Type="ROUTE-RQS" Name="DualPortRam_routed.rqs"/>
  <File Type="POSTROUTE-PHYSOPT-RQS" Name="DualPortRam_postroute_physopted.rqs"/>
  <File Type="ROUTE-RQS-RPT" Name="route_report_qor_suggestions_0.rpt"/>
  <File Type="POSTROUTE-PHYSOPT-RQS-RPT" Name="postroute_physopt_report_qor_suggestions_0.rpt"/>
  <FileSet Name="sources" Type="DesignSrcs" RelSrcDir="$PSRCDIR/sources_1" RelGenDir="$PGENDIR/sources_1">
    <Filter Type="Srcs"/>
    <File Path="$PSRCDIR/sources_1/new/DualPortRam.v">
      <FileInfo>
        <Attr Name="UsedIn" Val="synthesis"/>
        <Attr Name="UsedIn" Val="implementation"/>
        <Attr Name="UsedIn" Val="simulation"/>
      </FileInfo>
    </File>
    <Config>
      <Option Name="DesignMode" Val="RTL"/>
      <Option Name="TopModule" Val="DualPortRam"/>
      <Option Name="TopAutoSet" Val="TRUE"/>
    </Config>
  </FileSet>
  <FileSet Name="constrs_in" Type="Constrs" RelSrcDir="$PSRCDIR/constrs_1" RelGenDir="$PGENDIR/constrs_1">
    <Filter Type="Constrs"/>
    <Config>
      <Option Name="ConstrsType" Val="XDC"/>
    </Config>
  </FileSet>
  <FileSet Name="utils" Type="Utils" RelSrcDir="$PSRCDIR/utils_1" RelGenDir="$PGENDIR/utils_1">
    <Filter Type="Utils"/>
    <File Path="$PSRCDIR/utils_1/imports/synth_1/DualPortRam.dcp">
      <FileInfo>
        <Attr Name="UsedIn" Val="synthesis"/>
        <Attr Name="UsedIn" Val="implementation"/>
        <Attr Name="UsedInSteps" Val="synth_1"/>
        <Attr Name="AutoDcp" Val="1"/>
      </FileInfo>
    </File>
    <Config>
      <Option Name="TopAutoSet" Val="TRUE"/>
    </Config>
  </FileSet>
  <Strategy Version="1" Minor="2">
    <StratHandle Name="Vivado Implementation Defaults" Flow="Vivado Implementation 2024"/>
    <Step Id="init_design"/>
    <Step Id="opt_design"/>
    <Step Id="power_opt_design"/>
    <Step Id="place_design"/>
    <Step Id="post_place_power_opt_design"/>
    <Step Id="phys_opt_design"/>
    <Step Id="route_design"/>
    <Step Id="post_route_phys_opt_design"/>
    <Step Id="write_bitstream"/>
  </Strategy>
</GenRun>
